<?xml version="1.0" encoding="UTF-8"?>
<?xml-stylesheet type="text/xsl" href="#"?>
<xsl:stylesheet xmlns:xsl="http://www.w3.org/1999/XSL/Transform" xmlns:dt="urn:schemas-microsoft-com:datatypes" xmlns:ps="http://graphpad.com/prism/Prism.htm" version="1.0">
	<!--
	XML style sheet template for formatting data and info tables from GraphPad Prism 8.0.
	Copyright 1992-2016 GraphPad Software, Inc.
-->
	<xsl:output method="html" version="4.0" omit-xml-declaration="yes"/>
	<GraphPadPrismFile xmlns="http://graphpad.com/prism/Prism.htm" PrismXMLVersion="5.00">
<Created>
<OriginalVersion CreatedByProgram="GraphPad Prism" CreatedByVersion="8.0.0.39" Login="Alex" DateTime="2017-01-04T17:07:34+02:00" MinVersion="7.0.0.0"/>
</Created>
<DefGraphButton ButtonID="201"/>
<InfoSequence>
</InfoSequence>
<TableSequence Selected="1">

<Ref ID="Table0" Selected="1"/>
</TableSequence>
<Table ID="Table0" XFormat="none" TableType="OneWay" ExtTableType="MultipleVariables" EVFormat="AsteriskAfterNumber">
<Title>Data 1</Title>
<FloatingNote ID="Sticky0" Auto="0" Color="Yellow" Left="805" Top="68" Width="585" Height="485" ScrWidth="1920" ScrHeight="1080" ScrDPI="96">
<WebLink Flags="0" ToolTip="@help:STAT_Key_concepts_Correlation" URL="@help:STAT_Key_concepts_Correlation">
Learn more about correlation
</WebLink>

<B><Font Size="11" Color="#000000" Face="Verdana">
How the data are organized
</Font></B>
<Font Size="11" Color="#000000" Face="Verdana">
<BR/>Each row represents a different car.  The columns hold data of four variables, cost, mileage, power and weight. 
</Font>
<B><Font Size="11" Color="#000000" Face="Verdana">
<BR/><BR/>The goal
</Font></B>
<Font Size="11" Color="#000000" Face="Verdana">
<BR/>To learn how the four variables are correlated with one another.
</Font>
<B><Font Size="11" Color="#000000" Face="Verdana">
<BR/><BR/>How to analyze the data to find a correlation matrix
</Font></B>
<Font Size="11" Color="#000000" Face="Verdana">
<BR/>Click Analyze, and choose Correlation from the list of Column analyses.  Accept all the default choices.
</Font>
<B><Font Size="11" Color="#000000" Face="Verdana">
<BR/><BR/>How is this different than doing a correlation analysis on XY data?
</Font></B>
<Font Size="11" Color="#000000" Face="Verdana">
<BR/>When you choose correlation from a Column data table (like this one), you compute the correlation of each variable with every other variable, to form a correlation matrix. When you choose correlation from an XY table, you calculate the correlation of each Y column with the X column, but not the Y columns with each other.
</Font>
<B><Font Size="11" Color="#000000" Face="Verdana">
<BR/><BR/>How to plot one variable vs. the other, with labeled data points
</Font></B>
<Font Size="11" Color="#000000" Face="Verdana">
<BR/>Click Analyze, and choose Correlation from the list of Column analyses. In the dialog, choose to compute and graph the correlation between two variables, and pick the two you care about. You'll see a new graph. Double click on one of the symbols to bring up the Format Graph dialog. Check the option to label each point with its row title. 
</Font>
</FloatingNote>

<RowTitlesColumn Width="100">
<Subcolumn>
<d>Mustang coupe</d>
<d>Volvo S40</d>
<d>Aston Martin</d>
<d>Chevrolet Aveo</d>
<d>Nissan Maxima</d>
<d>VW Jetta</d>
<d>Honda Accord</d>
<d>Toyota Camry</d>
<d>Camry Hybrid</d>
<d>Toyota Prius</d>
<d>Hundai Elantra</d>
<d>Lexus LS</d>
<d>Subaru Forester</d>
<d>Porsche 911</d>
<d>Mercedes CLS</d>
<d>Mini Cooper</d>
<d>Saturn Ion</d>
<d>Chrysler Sebring</d>
<d>Audi A3</d>
<d>SAAB 9-7X</d>
<d>VW Beetle TDI</d>
</Subcolumn>
</RowTitlesColumn>
<YColumn Width="81" Decimals="0" Subcolumns="1">
<Title>Cost in USD</Title>
<Subcolumn>
<d>19250</d>
<d>24240</d>
<d>169750</d>
<d>12575</d>
<d>28050</d>
<d>21990</d>
<d>23450</d>
<d>19520</d>
<d>26200</d>
<d>21725</d>
<d>13395</d>
<d>71000</d>
<d>21195</d>
<d>88400</d>
<d>66900</d>
<d>18000</d>
<d>12300</d>
<d>18320</d>
<d>25340</d>
<d>38520</d>
<d>18390</d>
</Subcolumn>
</YColumn>
<YColumn Width="121" Decimals="0" Subcolumns="1">
<Title>Miles/Gallon (hiway)</Title>
<Subcolumn>
<d>28</d>
<d>29</d>
<d>19</d>
<d>37</d>
<d>28</d>
<d>32</d>
<d>34</d>
<d>33</d>
<d>38</d>
<d>60</d>
<d>36</d>
<d>27</d>
<d>29</d>
<d>26</d>
<d>22</d>
<d>36</d>
<d>35</d>
<d>32</d>
<d>32</d>
<d>21</d>
<d>44</d>
</Subcolumn>
</YColumn>
<YColumn Width="81" Decimals="0" Subcolumns="1">
<Title>Horsepower</Title>
<Subcolumn>
<d>210</d>
<d>168</d>
<d>450</d>
<d>103</d>
<d>255</d>
<d>200</d>
<d>166</d>
<d>158</d>
<d>192</d>
<d>110</d>
<d>138</d>
<d>380</d>
<d>173</d>
<d>325</d>
<d>382</d>
<d>115</d>
<d>145</d>
<d>173</d>
<d>200</d>
<d>290</d>
<d>100</d>
</Subcolumn>
</YColumn>
<YColumn Width="105" Decimals="0" Subcolumns="1">
<Title>Weight in pounds</Title>
<Subcolumn>
<d>3300</d>
<d>3234</d>
<d>3879</d>
<d>2381</d>
<d>3591</d>
<d>3259</d>
<d>3153</d>
<d>3307</d>
<d>3637</d>
<d>2932</d>
<d>2723</d>
<d>4332</d>
<d>3140</d>
<d>3385</d>
<d>4020</d>
<d>2524</d>
<d>2752</d>
<d>3287</d>
<d>3263</d>
<d>4720</d>
<d>3005</d>
</Subcolumn>
</YColumn>
</Table>
</GraphPadPrismFile>
	<xsl:template match="ps:Info">
		<a><xsl:attribute name="name"><xsl:value-of select="@ID"/></xsl:attribute></a>
		<table border="0">
			<tr><td><xsl:apply-templates select="ps:Title"/> </td><td width="20"></td><td><b>Notes</b></td></tr>
			<tr><td valign="top">
					<table BORDER="1" CELLSPACING="0">
						<tr><th>Constant</th><th>Name</th></tr>
						<xsl:for-each select="ps:Constant">
							<tr>
								<td><xsl:apply-templates select="ps:Name"/> </td>
								<td><xsl:apply-templates select="ps:Value"/> </td>
							</tr>
						</xsl:for-each>
					</table>
				</td>
				<td width="20">
				</td>
				<td valign="top">
					<xsl:apply-templates select="ps:Notes"/>
				</td></tr>
		</table>
	</xsl:template>
	<xsl:template match="ps:GraphPadPrismFile">
		<HTML>
			<BODY>
				<xsl:variable name="Chars" select="'ABCDEFGHIJKLMNOPQRSTUVWXYZ'"/>
				<font color="#999999">
					<p align="center">This file can be opened by <a href="http://www.graphpad.com">GraphPad</a> Prism (version 
	<xsl:value-of select="@PrismXMLVersion"/> or later). </p></font><hr/>
         This file contains <xsl:value-of select="count(ps:Table|ps:HugeTable)"/> data tables and 
	<xsl:value-of select="count(ps:Info)+count(ps:Table|ps:HugeTable/ps:Info)"/> info tables:

	<dir>
					<xsl:for-each select="ps:Info">
						<li>
							<a>
								<xsl:attribute name="href">#<xsl:value-of select="@ID"/></xsl:attribute>
								<xsl:apply-templates select="ps:Title"/>
							</a>
						</li>
					</xsl:for-each>
					<xsl:for-each select="ps:Table|ps:HugeTable">
						<li>
							<a>
								<xsl:attribute name="href">#<xsl:value-of select="@ID"/></xsl:attribute>
								<xsl:apply-templates select="ps:Title"/>
							</a>
							<dir>
								<xsl:for-each select="ps:Info">
									<li>
										<a>
											<xsl:attribute name="href">#<xsl:value-of select="@ID"/></xsl:attribute>
											<xsl:apply-templates select="ps:Title"/>
										</a>
									</li>
								</xsl:for-each>
							</dir>
						</li>
					</xsl:for-each>
				</dir>
				<hr/>
				<xsl:apply-templates select="ps:Info"/>
				<br/>
				<hr/>
				<br/>
				<xsl:for-each select="ps:Table|ps:HugeTable">
					<xsl:apply-templates select="ps:Title"/>
					<a><xsl:attribute name="name"><xsl:value-of select="@ID"/></xsl:attribute></a>
					<xsl:variable name="width" select="100 div count (*/ps:Subcolumn)"/>
					<xsl:variable name="xFormat" select="./@XFormat"/>
					<xsl:variable name="yFormat" select="./@YFormat"/>
					<xsl:variable name="nRepl" select="./@replicates"/>
					<xsl:variable name="isXAdvancedColumn" select="boolean(($xFormat='date' or $xFormat='time' or $xFormat='startenddate') and count(ps:XAdvancedColumn) &gt; 0)"/>
					<xsl:variable name="isXAdvancedSubcol" select="boolean(($xFormat='startenddate') or count(ps:XAdvancedColumn/ps:Subcolumn/ps:Title) &gt; 0)"/>
					<xsl:variable name="isXSubcol" select="boolean(($xFormat='error' or count(ps:XColumn/ps:Subcolumn/ps:Title) &gt; 0) and not ($isXAdvancedColumn))"/>
					<xsl:variable name="isYSubcol" select="boolean(($yFormat='replicates'and ./@Replicates&gt;1) or 
						 ($yFormat!='text'and $yFormat!='replicates') or 
						count(ps:YColumn/ps:Subcolumn/ps:Title)&gt;0)"/>
					<xsl:variable name="isYSubColNameCustom" select="boolean($isYSubcol and count(ps:SubColumnTitles)&gt;0)"/>
					<TABLE BORDER="1" CELLSPACING="0">
						<TR>
							<xsl:for-each select="ps:RowTitlesColumn">
								<TD align="center">
									<xsl:attribute name="rowspan">
										<xsl:if test="$isXSubcol or $isXAdvancedSubcol or $isYSubcol">2</xsl:if>
									</xsl:attribute><BR/>
								</TD>
							</xsl:for-each>
							<xsl:if test="not ($isXAdvancedColumn)">
								<xsl:for-each select="ps:XColumn">
									<TD align="center">
										<xsl:attribute name="rowspan">
											<xsl:if test="$isYSubcol and not($isXSubcol)">2</xsl:if>
										</xsl:attribute>
										<xsl:attribute name="colspan"><xsl:value-of select="./@Subcolumns"/></xsl:attribute>
						 
						<xsl:apply-templates select="ps:Title"/>
										<xsl:if test="count(ps:Title)=0 or ps:Title=''">X-Title</xsl:if>				
						 
					</TD>
								</xsl:for-each>
							</xsl:if>
							<xsl:if test="$isXAdvancedColumn">
								<xsl:for-each select="ps:XAdvancedColumn">
									<TD align="center">
										<xsl:attribute name="rowspan">
											<xsl:if test="$isYSubcol and not($isXAdvancedSubcol)">2</xsl:if>
										</xsl:attribute>
										<xsl:attribute name="colspan"><xsl:value-of select="./@Subcolumns"/></xsl:attribute>
						 
						<xsl:apply-templates select="ps:Title"/>
										<xsl:if test="count(ps:Title)=0 or ps:Title=''">X-Title</xsl:if>				
						 
					</TD>
								</xsl:for-each>
							</xsl:if>
							<xsl:for-each select="ps:YColumn">
								<xsl:variable name="DefColName2" select="(position()-1) mod 26"/>
								<xsl:variable name="DefColName1" select="(position()-1-$DefColName2) div 26"/>
								<TD align="center">
									<xsl:attribute name="colspan"><xsl:value-of select="./@Subcolumns"/></xsl:attribute>
									<xsl:attribute name="rowspan">
										<xsl:if test="($isXSubcol or $isXAdvancedSubcol) and not($isYSubcol)">2</xsl:if>
									</xsl:attribute>
					 
					<xsl:apply-templates select="ps:Title"/>
									<xsl:if test="count(ps:Title)=0 or ps:Title=''">
										<xsl:value-of select="'Data Set-'"/>
										<xsl:if test="$DefColName1 &gt; 0">
											<xsl:value-of select="substring($Chars,$DefColName1,1)"/>
										</xsl:if>
										<xsl:value-of select="substring($Chars,$DefColName2+1,1)"/>
									</xsl:if>
					 				
	   			</TD>
							</xsl:for-each>
						</TR>
						<xsl:if test="$isXSubcol or $isXAdvancedSubcol or $isYSubcol">
							<TR>
								<xsl:if test="$isXSubcol">
									<xsl:for-each select="ps:XColumn">
										<xsl:for-each select="ps:Subcolumn">
											<TD align="center"> 
					 
					<xsl:apply-templates select="ps:Title"/>
												<xsl:if test="count(ps:Title)=0 or ps:Title=''">
													<xsl:choose>
														<xsl:when test="position()=1"><B>X</B></xsl:when>
														<xsl:when test="position()=2"><B>Err.Bar</B></xsl:when>
													</xsl:choose>
												</xsl:if>				
					 
				</TD>
										</xsl:for-each>
									</xsl:for-each>
								</xsl:if>
								<xsl:if test="$isXAdvancedSubcol">
									<xsl:for-each select="ps:XAdvancedColumn">
										<xsl:for-each select="ps:Subcolumn">
											<TD align="center"> 
					 
					<xsl:apply-templates select="ps:Title"/>
												<xsl:if test="count(ps:Title)=0 or ps:Title=''">
													<xsl:choose>
														<xsl:when test="position()=1"><B>Starting Date</B></xsl:when>
														<xsl:when test="position()=2"><B>Ending Date</B></xsl:when>
													</xsl:choose>
												</xsl:if>				
					 
				</TD>
										</xsl:for-each>
									</xsl:for-each>
								</xsl:if>
								<xsl:if test="$isYSubcol">
									<xsl:for-each select="ps:YColumn">
										<xsl:variable name="DefColName2" select="(position()-1) mod 26"/>
										<xsl:variable name="DefColName1" select="(position()-1-$DefColName2) div 26"/>
										<xsl:variable name="YColumnNdx" select="position()"/>
										<xsl:for-each select="ps:Subcolumn">
											<TD align="center">
					 
					<xsl:apply-templates select="ps:Title"/>
												<xsl:if test="count(ps:Title)=0 or ps:Title=''">
													<xsl:if test="$yFormat='replicates' or $yFormat='text'">
														<B>
															<xsl:if test="$DefColName1 &gt; 0">
																<xsl:value-of select="substring($Chars,$DefColName1,1)"/>
															</xsl:if>
															<xsl:choose>
																<xsl:when test="$isYSubColNameCustom">
																	<xsl:variable name="subColCustomNamePos" select="position()"/>
																	<xsl:for-each select="../../ps:SubColumnTitles/ps:Subcolumn">
																		<xsl:if test="position()=$subColCustomNamePos">
																			<xsl:choose>
																				<xsl:when test="../../ps:SubColumnTitles/@OwnSet='1'">
																					<xsl:variable name="DItemsCount" select="count(./ps:d)"/>
																					<xsl:choose>
																						<xsl:when test="$DItemsCount&lt;$YColumnNdx or ./ps:d[$YColumnNdx]=''">
																							<xsl:value-of select="substring($Chars,$DefColName2+1,1)"/>:Y<xsl:value-of select="position()"/>
																						</xsl:when>
																						<xsl:otherwise>
																							<xsl:apply-templates select="./ps:d[$YColumnNdx]"/>
																						</xsl:otherwise>
																					</xsl:choose>
																				</xsl:when>
																				<xsl:when test="../../ps:SubColumnTitles/@OwnSet='0'">
																					<xsl:variable name="DItemsCount" select="count(./ps:d)"/>
																					<xsl:choose>
																						<xsl:when test="$DItemsCount&lt;1 or ./ps:d[1]=''">
																							<xsl:value-of select="substring($Chars,$DefColName2+1,1)"/>:Y<xsl:value-of select="position()"/>
																						</xsl:when>
																						<xsl:otherwise>
																							<xsl:apply-templates select="./ps:d[1]"/>
																						</xsl:otherwise>
																					</xsl:choose>
																				</xsl:when>
																				<xsl:otherwise>
																					<xsl:apply-templates select="ps:d"/>
																					<xsl:if test="ps:d=''">
																						<xsl:value-of select="substring($Chars,$DefColName2+1,1)"/>:Y<xsl:value-of select="position()"/>
																					</xsl:if>
																				</xsl:otherwise>
																			</xsl:choose>
																		</xsl:if>
																	</xsl:for-each>
																</xsl:when>
																<xsl:otherwise>
																	<xsl:value-of select="substring($Chars,$DefColName2+1,1)"/>:Y<xsl:value-of select="position()"/>
																</xsl:otherwise>
															</xsl:choose>
														</B>
													</xsl:if>
													<xsl:if test="$yFormat!='replicates' and $yFormat!='text'">
														<xsl:if test="not($yFormat='replicates' or $yFormat='text')">
															<xsl:if test="position()=1"><B>Mean</B></xsl:if>
															<xsl:if test="position()!=1">
																<xsl:choose>
																	<xsl:when test="$yFormat='SD'">
																		<B>SD</B>
																	</xsl:when>
																	<xsl:when test="$yFormat='SE'">
																		<B>SEM</B>
																	</xsl:when>
																	<xsl:when test="$yFormat='CV'">
																		<B>%CV</B>
																	</xsl:when>
																	<xsl:when test="$yFormat='SDN'">
																		<xsl:if test="position()=2"><B>SD</B></xsl:if>
																		<xsl:if test="position()=3"><B>N</B></xsl:if>
																	</xsl:when>
																	<xsl:when test="$yFormat='SEN'">
																		<xsl:if test="position()=2"><B>SEM</B></xsl:if>
																		<xsl:if test="position()=3"><B>N</B></xsl:if>
																	</xsl:when>
																	<xsl:when test="$yFormat='CVN'">
																		<xsl:if test="position()=2"><B>%CV</B></xsl:if>
																		<xsl:if test="position()=3"><B>N</B></xsl:if>
																	</xsl:when>
																	<xsl:when test="$yFormat='low-high'">
																		<xsl:if test="position()=2"><B>+Error</B></xsl:if>
																		<xsl:if test="position()=3"><B>-Error</B></xsl:if>
																	</xsl:when>
																	<xsl:when test="$yFormat='upper-lower-limits'">
																		<xsl:if test="position()=2"><B>UpperLimit</B></xsl:if>
																		<xsl:if test="position()=3"><B>LowerLimit</B></xsl:if>
																	</xsl:when>
																</xsl:choose>
															</xsl:if>
														</xsl:if>
													</xsl:if>
												</xsl:if>
					 				
	   			</TD>
										</xsl:for-each>
									</xsl:for-each>
								</xsl:if>
							</TR>
						</xsl:if>
						<TR>
							<xsl:for-each select="ps:RowTitlesColumn/ps:Subcolumn">
								<td valign="top" nowrap="1">
									<xsl:attribute name="width"><xsl:value-of select="$width"/>%</xsl:attribute>
									<xsl:apply-templates select="ps:d"/>
									<xsl:if test="count(ps:d)=0"><br/></xsl:if>
								</td>
							</xsl:for-each>
							<xsl:if test="not($isXAdvancedColumn)">
								<xsl:for-each select="ps:XColumn/ps:Subcolumn">
									<td valign="top" nowrap="1">
										<xsl:attribute name="width"><xsl:value-of select="$width"/>%</xsl:attribute>
										<xsl:apply-templates select="ps:d"/>
										<xsl:if test="count(ps:d)=0"><br/></xsl:if>
									</td>
								</xsl:for-each>
							</xsl:if>
							<xsl:if test="$isXAdvancedColumn">
								<xsl:for-each select="ps:XAdvancedColumn/ps:Subcolumn">
									<td valign="top" nowrap="1">
										<xsl:attribute name="width"><xsl:value-of select="$width"/>%</xsl:attribute>
										<xsl:apply-templates select="ps:d"/>
										<xsl:if test="count(ps:d)=0"><br/></xsl:if>
									</td>
								</xsl:for-each>
							</xsl:if>
							<xsl:for-each select="ps:YColumn/ps:Subcolumn">
								<td valign="top" nowrap="1">
									<xsl:attribute name="width"><xsl:value-of select="$width"/>%</xsl:attribute>
									<xsl:apply-templates select="ps:d"/>
									<xsl:if test="count(ps:d)=0"><br/></xsl:if>
								</td>
							</xsl:for-each>
						</TR>
					</TABLE>
					<br/>
					<xsl:apply-templates select="ps:Info"/>
					<br/>
					<hr/>
					<br/>
				</xsl:for-each>
			</BODY>
		</HTML>
	</xsl:template>
	<!--<xsl:template match="ps:d">
	<xsl:choose>
		<xsl:when test="@Excluded and string-length(text())" >
		    <font color="#0000ee">
	      		<xsl:apply-templates select="node()"/>*		
		    </font>
		</xsl:when>
	    <xsl:otherwise>
			<xsl:apply-templates select="node()"/>
		</xsl:otherwise>
	</xsl:choose>
	<xsl:if test="position()!=last()"><br/></xsl:if>
</xsl:template>-->
	<xsl:template match="ps:d">
		<xsl:choose>
			<xsl:when test="@Excluded and string-length(text())">
				<xsl:choose>
					<xsl:when test="../../../@EVFormat='AsteriskAfterNumber'">
						<font color="#0000ee">
							<xsl:apply-templates select="node()"/>*
						</font>
					</xsl:when>
					<xsl:when test="../../../@EVFormat='Blank'">
					</xsl:when>
					<xsl:otherwise>
						<xsl:apply-templates select="node()"/>
					</xsl:otherwise>
				</xsl:choose>
			</xsl:when>
			<xsl:otherwise>
				<xsl:apply-templates select="node()"/>
			</xsl:otherwise>
		</xsl:choose>
		<xsl:if test="position()!=last()"><br/></xsl:if>
	</xsl:template>
	<xsl:template match="ps:Title">
		<b><xsl:apply-templates select="node()"/></b>
	</xsl:template>
	<xsl:template match="node()">
		<xsl:copy>
			<xsl:apply-templates select="node()"/>
		</xsl:copy>
	</xsl:template>
	<xsl:template match="ps:Font">
		<font>
			<xsl:if test="@Size">
				<xsl:attribute name="STYLE">font-size:<xsl:value-of select="@Size"/>pt</xsl:attribute>
			</xsl:if>
			<xsl:copy-of select="@*"/>
			<xsl:apply-templates select="node()"/>
		</font>
	</xsl:template>
	<xsl:template match="/">
		<HTML>
			<BODY>
				<xsl:apply-templates select="//ps:GraphPadPrismFile"/>
			</BODY>
		</HTML>
	</xsl:template>
</xsl:stylesheet>
