<?xml version="1.0" encoding="UTF-8"?>
<order>
	<item href="Chi-square test of prospective data (aspirin and MI).xml">Chi-square test of prospective data (aspirin and MI)</item>
	<item href="Fishers exact test of retrospective data (smoking and cancer).xml">Fishers exact test of retrospective data (smoking and cancer)</item>
	<item href="Sensitivity and specificity (HIV).xml">Sensitivity and specificity (HIV)</item>
	<item href="Chi-square test for trend.xml">Chi-square test for trend</item>
</order>
