<?xml version="1.0" encoding="UTF-8"?>
<?xml-stylesheet type="text/xsl" href="#"?>
<xsl:stylesheet xmlns:xsl="http://www.w3.org/1999/XSL/Transform" xmlns:dt="urn:schemas-microsoft-com:datatypes" xmlns:ps="http://graphpad.com/prism/Prism.htm" version="1.0">
	<!--
	XML style sheet template for formatting data and info tables from GraphPad Prism 6.0.
	Copyright 1992-2012 GraphPad Software, Inc.
-->
	<xsl:output method="html" version="4.0" omit-xml-declaration="yes"/>
	<GraphPadPrismFile xmlns="http://graphpad.com/prism/Prism.htm" PrismXMLVersion="5.00">
<Created>
<OriginalVersion CreatedByProgram="GraphPad Prism" CreatedByVersion="7.0.0.1" DateTime="2013-10-02T12:48:48+02:00"/>
<MostRecentVersion CreatedByProgram="GraphPad Prism" CreatedByVersion="7.0.0.1" DateTime="2013-10-02T17:07:40+02:00"/>
</Created>
<DefGraphButton ButtonID="101"/>
<InfoSequence>
</InfoSequence>
<TableSequence Selected="1">

<Ref ID="Table0" Selected="1"/>
</TableSequence>
<Table ID="Table0" XFormat="numbers" YFormat="replicates" Replicates="3" TableType="XY" EVFormat="AsteriskAfterNumber">
<Title>Data 1</Title>
<FloatingNote ID="Sticky0" Color="Yellow" Left="206" Top="169" Width="696" Height="431">
<WebLink Flags="0" ToolTip="@help:REG_Comapring_one_and_two_sites" URL="@help:REG_Key_concepts_Competitive_bindi">
Learn more about competitive binding.
</WebLink>

<Font Size="11" Face="Verdana">
H
</Font>
<B><Font Size="11" Face="Verdana">
ow the data are organized
</Font></B>
<Font Size="11" Face="Verdana">
<BR/>The X values are the logarithm of the concentration of an unlabeled ligand. The Y values are radioligand binding, in triplicate, of a single concentration of labeled ligand.
</Font>
<B><Font Size="11" Face="Verdana">
<BR/><BR/>The goal
</Font></B>
<Font Size="11" Face="Verdana">
<BR/>To compare fits to a one- and two-site competitive binding model.
</Font>
<B><Font Size="11" Face="Verdana">
<BR/><BR/>Step by step
</Font></B>
<Font Size="11" Face="Verdana">
<BR/>1. Click Analyze, choose Nonlinear regression from the list of XY analyses, and choose the group of equations: "Binding - Competitive".
</Font>
<Font Size="11" Face="Verdana">
<BR/><BR/>2. Choose the equation: One site - fit log(IC50)
</Font>
<Font Size="11" Face="Verdana">
<BR/><BR/>3. Go to the compare tab, and choose: For each data set, which of two equations fits best? At the bottom of that dialog again choose competitive binding group of equations and choose: Two sites
</Font>
<Font Size="11" Face="Verdana">
<BR/><BR/>4. Go to the Constrain tab. For both models, set HotNM to a constant value of 1.3 (set by the experimental design). For one site, set HotKDNm to 2.3. For two sites, set HotKDnM_Hi and HotKDnM_Lo to 2.3 (it is common for the labeled ligand to bind identically to both sites).
</Font>
</FloatingNote>

<FloatingNote ID="Sticky1" Color="Blue" Left="482" Top="46" Width="421" Height="121">
<WebLink Flags="0" ToolTip="@help:Reg_approaches_to_comparing_models" URL="@help:Reg_approaches_to_comparing_models">
Learn more about comparing models
</WebLink>

<B><Font Size="11" Face="Verdana">
Comparing models
</Font></B>
<Font Size="11" Face="Verdana">
<BR/>This example shows you how to compare two models. Prism can compare models using two methods, and in several contexts. 
</Font>
</FloatingNote>

<XColumn Width="103" Decimals="1" Subcolumns="1">
<Title>log(unlabeled, M)</Title>
<Subcolumn>
<d>-9</d>
<d>-8,5</d>
<d>-8</d>
<d>-7,5</d>
<d>-7</d>
<d>-6,5</d>
<d>-6</d>
<d>-5,5</d>
<d>-5</d>
<d>-4,5</d>
<d>-4</d>
<d>-3,5</d>
<d>-3</d>
</Subcolumn>
</XColumn>
<YColumn Width="243" Decimals="0" Subcolumns="3">
<Title>Binding (CPM)</Title>
<Subcolumn>
<d>2272</d>
<d>2948</d>
<d>2268</d>
<d>2359</d>
<d>2542</d>
<d>1837</d>
<d>2348</d>
<d>1595</d>
<d>1685</d>
<d>1092</d>
<d>837</d>
<d>1312</d>
<d>452</d>
</Subcolumn>
<Subcolumn>
<d>2449</d>
<d>2519</d>
<d>2303</d>
<d>2127</d>
<d>2064</d>
<d>1503</d>
<d>2145</d>
<d>1792</d>
<d>2062</d>
<d>1710</d>
<d>680</d>
<d>1491</d>
<d>1133</d>
</Subcolumn>
<Subcolumn>
<d>2118</d>
<d>2809</d>
<d>2600</d>
<d>2241</d>
<d>2743</d>
<d>1910</d>
<d>1656</d>
<d>1933</d>
<d>2205</d>
<d>1320</d>
<d>927</d>
<d>1076</d>
<d>1182</d>
</Subcolumn>
</YColumn>
</Table>
</GraphPadPrismFile>
	<xsl:template match="ps:Info">
		<a><xsl:attribute name="name"><xsl:value-of select="@ID"/></xsl:attribute></a>
		<table border="0">
			<tr><td><xsl:apply-templates select="ps:Title"/> </td><td width="20"></td><td><b>Notes</b></td></tr>
			<tr><td valign="top">
					<table BORDER="1" CELLSPACING="0">
						<tr><th>Constant</th><th>Name</th></tr>
						<xsl:for-each select="ps:Constant">
							<tr>
								<td><xsl:apply-templates select="ps:Name"/> </td>
								<td><xsl:apply-templates select="ps:Value"/> </td>
							</tr>
						</xsl:for-each>
					</table>
				</td>
				<td width="20">
				</td>
				<td valign="top">
					<xsl:apply-templates select="ps:Notes"/>
				</td></tr>
		</table>
	</xsl:template>
	<xsl:template match="ps:GraphPadPrismFile">
		<HTML>
			<BODY>
				<xsl:variable name="Chars" select="'ABCDEFGHIJKLMNOPQRSTUVWXYZ'"/>
				<font color="#999999">
					<p align="center">This file can be opened by <a href="http://www.graphpad.com">GraphPad</a> Prism (version 
	<xsl:value-of select="@PrismXMLVersion"/> or later). </p></font><hr/>
         This file contains <xsl:value-of select="count(ps:Table|ps:HugeTable)"/> data tables and 
	<xsl:value-of select="count(ps:Info)+count(ps:Table|ps:HugeTable/ps:Info)"/> info tables:

	<dir>
					<xsl:for-each select="ps:Info">
						<li>
							<a>
								<xsl:attribute name="href">#<xsl:value-of select="@ID"/></xsl:attribute>
								<xsl:apply-templates select="ps:Title"/>
							</a>
						</li>
					</xsl:for-each>
					<xsl:for-each select="ps:Table|ps:HugeTable">
						<li>
							<a>
								<xsl:attribute name="href">#<xsl:value-of select="@ID"/></xsl:attribute>
								<xsl:apply-templates select="ps:Title"/>
							</a>
							<dir>
								<xsl:for-each select="ps:Info">
									<li>
										<a>
											<xsl:attribute name="href">#<xsl:value-of select="@ID"/></xsl:attribute>
											<xsl:apply-templates select="ps:Title"/>
										</a>
									</li>
								</xsl:for-each>
							</dir>
						</li>
					</xsl:for-each>
				</dir>
				<hr/>
				<xsl:apply-templates select="ps:Info"/>
				<br/>
				<hr/>
				<br/>
				<xsl:for-each select="ps:Table|ps:HugeTable">
					<xsl:apply-templates select="ps:Title"/>
					<a><xsl:attribute name="name"><xsl:value-of select="@ID"/></xsl:attribute></a>
					<xsl:variable name="width" select="100 div count (*/ps:Subcolumn)"/>
					<xsl:variable name="xFormat" select="./@XFormat"/>
					<xsl:variable name="yFormat" select="./@YFormat"/>
					<xsl:variable name="nRepl" select="./@replicates"/>
					<xsl:variable name="isXSubcol" select="boolean($xFormat='error' or count(ps:XColumn/ps:Subcolumn/ps:Title)&gt;0)"/>
					<xsl:variable name="isYSubcol" select="boolean(($yFormat='replicates'and ./@Replicates&gt;1) or 
						 ($yFormat!='text'and $yFormat!='replicates') or 
						count(ps:YColumn/ps:Subcolumn/ps:Title)&gt;0)"/>
					<TABLE BORDER="1" CELLSPACING="0">
						<TR>
							<xsl:for-each select="ps:RowTitlesColumn">
								<TD align="center">
									<xsl:attribute name="rowspan">
										<xsl:if test="$isXSubcol or $isYSubcol">2</xsl:if>
									</xsl:attribute><BR/>
								</TD>
							</xsl:for-each>
							<xsl:for-each select="ps:XColumn">
								<TD align="center">
									<xsl:attribute name="rowspan">
										<xsl:if test="$isYSubcol and not($isXSubcol)">2</xsl:if>
									</xsl:attribute>
									<xsl:attribute name="colspan"><xsl:value-of select="./@Subcolumns"/></xsl:attribute>
					 
					<xsl:apply-templates select="ps:Title"/>
									<xsl:if test="count(ps:Title)=0 or ps:Title=''">X-Title</xsl:if>				
					 
				</TD>
							</xsl:for-each>
							<xsl:for-each select="ps:YColumn">
								<xsl:variable name="DefColName2" select="(position()-1) mod 26"/>
								<xsl:variable name="DefColName1" select="(position()-1-$DefColName2) div 26"/>
								<TD align="center">
									<xsl:attribute name="colspan"><xsl:value-of select="./@Subcolumns"/></xsl:attribute>
									<xsl:attribute name="rowspan">
										<xsl:if test="$isXSubcol and not($isYSubcol)">2</xsl:if>
									</xsl:attribute>
					 
					<xsl:apply-templates select="ps:Title"/>
									<xsl:if test="count(ps:Title)=0 or ps:Title=''">
										<xsl:value-of select="'Data Set-'"/>
										<xsl:if test="$DefColName1 &gt; 0">
											<xsl:value-of select="substring($Chars,$DefColName1,1)"/>
										</xsl:if>
										<xsl:value-of select="substring($Chars,$DefColName2+1,1)"/>
									</xsl:if>
					 				
	   			</TD>
							</xsl:for-each>
						</TR>
						<xsl:if test="$isXSubcol or $isYSubcol">
							<TR>
								<xsl:if test="$isXSubcol">
									<xsl:for-each select="ps:XColumn">
										<xsl:for-each select="ps:Subcolumn">
											<TD align="center"> 
					 
					<xsl:apply-templates select="ps:Title"/>
												<xsl:if test="count(ps:Title)=0 or ps:Title=''">
													<xsl:choose>
														<xsl:when test="position()=1"><B>X</B></xsl:when>
														<xsl:when test="position()=2"><B>Err.Bar</B></xsl:when>
													</xsl:choose>
												</xsl:if>				
					 
				</TD>
										</xsl:for-each>
									</xsl:for-each>
								</xsl:if>
								<xsl:if test="$isYSubcol">
									<xsl:for-each select="ps:YColumn">
										<xsl:variable name="DefColName2" select="(position()-1) mod 26"/>
										<xsl:variable name="DefColName1" select="(position()-1-$DefColName2) div 26"/>
										<xsl:for-each select="ps:Subcolumn">
											<TD align="center">
					 
					<xsl:apply-templates select="ps:Title"/>
												<xsl:if test="count(ps:Title)=0 or ps:Title=''">
													<xsl:if test="$yFormat='replicates' or $yFormat='text'">
														<B>
															<xsl:if test="$DefColName1 &gt; 0">
																<xsl:value-of select="substring($Chars,$DefColName1,1)"/>
															</xsl:if>
															<xsl:value-of select="substring($Chars,$DefColName2+1,1)"/>:Y<xsl:value-of select="position()"/>
														</B>
													</xsl:if>
													<xsl:if test="$yFormat!='replicates' and $yFormat!='text'">
														<xsl:if test="not($yFormat='replicates' or $yFormat='text')">
															<xsl:if test="position()=1"><B>Mean</B></xsl:if>
															<xsl:if test="position()!=1">
																<xsl:choose>
																	<xsl:when test="$yFormat='SD'">
																		<B>SD</B>
																	</xsl:when>
																	<xsl:when test="$yFormat='SE'">
																		<B>SEM</B>
																	</xsl:when>
																	<xsl:when test="$yFormat='CV'">
																		<B>%CV</B>
																	</xsl:when>
																	<xsl:when test="$yFormat='SDN'">
																		<xsl:if test="position()=2"><B>SD</B></xsl:if>
																		<xsl:if test="position()=3"><B>N</B></xsl:if>
																	</xsl:when>
																	<xsl:when test="$yFormat='SEN'">
																		<xsl:if test="position()=2"><B>SEM</B></xsl:if>
																		<xsl:if test="position()=3"><B>N</B></xsl:if>
																	</xsl:when>
																	<xsl:when test="$yFormat='CVN'">
																		<xsl:if test="position()=2"><B>%CV</B></xsl:if>
																		<xsl:if test="position()=3"><B>N</B></xsl:if>
																	</xsl:when>
																	<xsl:when test="$yFormat='low-high'">
																		<xsl:if test="position()=2"><B>+Error</B></xsl:if>
																		<xsl:if test="position()=3"><B>-Error</B></xsl:if>
																	</xsl:when>
																	<xsl:when test="$yFormat='upper-lower-limits'">
																		<xsl:if test="position()=2"><B>UpperLimit</B></xsl:if>
																		<xsl:if test="position()=3"><B>LowerLimit</B></xsl:if>
																	</xsl:when>
																</xsl:choose>
															</xsl:if>
														</xsl:if>
													</xsl:if>
												</xsl:if>
					 				
	   			</TD>
										</xsl:for-each>
									</xsl:for-each>
								</xsl:if>
							</TR>
						</xsl:if>
						<TR>
							<xsl:for-each select="ps:RowTitlesColumn/ps:Subcolumn">
								<td valign="top" nowrap="1">
									<xsl:attribute name="width"><xsl:value-of select="$width"/>%</xsl:attribute>
									<xsl:apply-templates select="ps:d"/>
									<xsl:if test="count(ps:d)=0"><br/></xsl:if>
								</td>
							</xsl:for-each>
							<xsl:for-each select="ps:XColumn/ps:Subcolumn">
								<td valign="top" nowrap="1">
									<xsl:attribute name="width"><xsl:value-of select="$width"/>%</xsl:attribute>
									<xsl:apply-templates select="ps:d"/>
									<xsl:if test="count(ps:d)=0"><br/></xsl:if>
								</td>
							</xsl:for-each>
							<xsl:for-each select="ps:YColumn/ps:Subcolumn">
								<td valign="top" nowrap="1">
									<xsl:attribute name="width"><xsl:value-of select="$width"/>%</xsl:attribute>
									<xsl:apply-templates select="ps:d"/>
									<xsl:if test="count(ps:d)=0"><br/></xsl:if>
								</td>
							</xsl:for-each>
						</TR>
					</TABLE>
					<br/>
					<xsl:apply-templates select="ps:Info"/>
					<br/>
					<hr/>
					<br/>
				</xsl:for-each>
			</BODY>
		</HTML>
	</xsl:template>
	<!--<xsl:template match="ps:d">
	<xsl:choose>
		<xsl:when test="@Excluded and string-length(text())" >
		    <font color="#0000ee">
	      		<xsl:apply-templates select="node()"/>*		
		    </font>
		</xsl:when>
	    <xsl:otherwise>
			<xsl:apply-templates select="node()"/>
		</xsl:otherwise>
	</xsl:choose>
	<xsl:if test="position()!=last()"><br/></xsl:if>
</xsl:template>-->
	<xsl:template match="ps:d">
		<xsl:choose>
			<xsl:when test="@Excluded and string-length(text())">
				<xsl:choose>
					<xsl:when test="../../../@EVFormat='AsteriskAfterNumber'">
						<font color="#0000ee">
							<xsl:apply-templates select="node()"/>*
						</font>
					</xsl:when>
					<xsl:when test="../../../@EVFormat='Blank'">
					</xsl:when>
					<xsl:otherwise>
						<xsl:apply-templates select="node()"/>
					</xsl:otherwise>
				</xsl:choose>
			</xsl:when>
			<xsl:otherwise>
				<xsl:apply-templates select="node()"/>
			</xsl:otherwise>
		</xsl:choose>
		<xsl:if test="position()!=last()"><br/></xsl:if>
	</xsl:template>
	<xsl:template match="ps:Title">
		<b><xsl:apply-templates select="node()"/></b>
	</xsl:template>
	<xsl:template match="node()">
		<xsl:copy>
			<xsl:apply-templates select="node()"/>
		</xsl:copy>
	</xsl:template>
	<xsl:template match="ps:Font">
		<font>
			<xsl:if test="@Size">
				<xsl:attribute name="STYLE">font-size:<xsl:value-of select="@Size"/>pt</xsl:attribute>
			</xsl:if>
			<xsl:copy-of select="@*"/>
			<xsl:apply-templates select="node()"/>
		</font>
	</xsl:template>
	<xsl:template match="/">
		<HTML>
			<BODY>
				<xsl:apply-templates select="//ps:GraphPadPrismFile"/>
			</BODY>
		</HTML>
	</xsl:template>
</xsl:stylesheet>
