<?xml version="1.0" encoding="UTF-8"?>
<?xml-stylesheet type="text/xsl" href="#"?>
<xsl:stylesheet xmlns:xsl="http://www.w3.org/1999/XSL/Transform" xmlns:dt="urn:schemas-microsoft-com:datatypes" xmlns:ps="http://graphpad.com/prism/Prism.htm" version="1.0">
	<!--
	XML style sheet template for formatting data and info tables from GraphPad Prism 6.0.
	Copyright 1992-2012 GraphPad Software, Inc.
-->
	<xsl:output method="html" version="4.0" omit-xml-declaration="yes"/>
	<GraphPadPrismFile xmlns="http://graphpad.com/prism/Prism.htm" PrismXMLVersion="5.00">
<Created>
<OriginalVersion CreatedByProgram="GraphPad Prism" CreatedByVersion="7.0.0.1" DateTime="2013-10-02T12:43:08+02:00"/>
<MostRecentVersion CreatedByProgram="GraphPad Prism" CreatedByVersion="7.0.0.1" DateTime="2013-10-02T17:08:54+02:00"/>
</Created>
<DefGraphButton ButtonID="101"/>
<InfoSequence>
</InfoSequence>
<TableSequence Selected="1">

<Ref ID="Table0" Selected="1"/>
</TableSequence>
<Table ID="Table0" XFormat="numbers" YFormat="SDN" TableType="XY" EVFormat="AsteriskAfterNumber">
<Title>Data 1</Title>
<FloatingNote ID="Sticky0" Color="Yellow" Left="198" Top="95" Width="772" Height="521">
<WebLink Flags="0" ToolTip="@help:reg_example_ambiguous_fit" URL="@help:reg_example_ambiguous_fit">
Detailed instructions for this example
</WebLink>

<B><Font Size="11" Face="Verdana">
How the data are organized
</Font></B>
<Font Size="11" Face="Verdana">
<BR/>The X values are the logarithms of molar concentration. 
</Font>
<Font Size="11" Face="Verdana">
<BR/><BR/>The Y values are responses, entered as mean and SD. With Prism, you can either enter replicate values or enter error values (here SD) computed elsewhere.
</Font>
<B><Font Size="11" Face="Verdana">
<BR/><BR/>The goal
</Font></B>
<Font Size="11" Face="Verdana">
<BR/>To fit a dose-response curve to determine the EC50 of the drug (the concentration that gives a response half-way between baseline and maximal).
</Font>
<B><Font Size="11" Face="Verdana">
<BR/><BR/>How to fit a dose response curve.  First attempt. 
</Font></B>
<Font Size="11" Face="Verdana">
<BR/>1. Click Analyze.
</Font>
<Font Size="11" Face="Verdana">
<BR/>2. Choose  Nonlinear regression from the list of XY analyses.
</Font>
<Font Size="11" Face="Verdana">
<BR/>3. Choose the panel of equations: Dose-response -- Stimulation
</Font>
<Font Size="11" Face="Verdana">
<BR/>4. Choose Log(Dose) vs. response -- variable slope 
</Font>
<Font Size="11" Face="Verdana">
<BR/>5. Notice that the result is labeled 'ambiguous' and many of the values make no sense.
</Font>
<B><Font Size="11" Face="Verdana">
<BR/><BR/>The problem
</Font></B>
<Font Size="11" Face="Verdana">
<BR/>The problem is that the data don't define the bottom of the curve. Since, the background signal was subtracted away, you know the response must be zero at very low concentrations of agonist. So we need to tell Prism...
</Font>
<Font Size="11" Face="Verdana">
<BR/><BR/>6. Click the upper left corner of the results table to bring back the nonlinear regression dialog.
</Font>
<Font Size="11" Face="Verdana">
<BR/>7. Go to the Constrain tab and constrain Bottom to a constant value of 0. 
</Font>
<Font Size="11" Face="Verdana">
<BR/>8. Press ok. Now the results now make sense. Prism is able to fit the EC50, slope and Top of the curve, with reasonable precision, once you constrained the bottom.
</Font>
</FloatingNote>

<XColumn Width="81" Decimals="1" Subcolumns="1">
<Title>log(agonist)</Title>
<Subcolumn>
<d>-7</d>
<d>-6,5</d>
<d>-6</d>
<d>-5,5</d>
<d>-5</d>
<d>-4,5</d>
<d>-4</d>
</Subcolumn>
</XColumn>
<YColumn Width="243" Decimals="0" Subcolumns="3">
<Title>Response</Title>
<Subcolumn>
<d>135</d>
<d>258</d>
<d>322</d>
<d>398</d>
<d>458</d>
<d>509</d>
<d>512</d>
</Subcolumn>
<Subcolumn>
<d>24</d>
<d>20</d>
<d>19</d>
<d>35</d>
<d>21</d>
<d>26</d>
<d>31</d>
</Subcolumn>
<Subcolumn>
<d>3</d>
<d>3</d>
<d>2</d>
<d>4</d>
<d>3</d>
<d>3</d>
<d>3</d>
</Subcolumn>
</YColumn>
</Table>
</GraphPadPrismFile>
	<xsl:template match="ps:Info">
		<a><xsl:attribute name="name"><xsl:value-of select="@ID"/></xsl:attribute></a>
		<table border="0">
			<tr><td><xsl:apply-templates select="ps:Title"/> </td><td width="20"></td><td><b>Notes</b></td></tr>
			<tr><td valign="top">
					<table BORDER="1" CELLSPACING="0">
						<tr><th>Constant</th><th>Name</th></tr>
						<xsl:for-each select="ps:Constant">
							<tr>
								<td><xsl:apply-templates select="ps:Name"/> </td>
								<td><xsl:apply-templates select="ps:Value"/> </td>
							</tr>
						</xsl:for-each>
					</table>
				</td>
				<td width="20">
				</td>
				<td valign="top">
					<xsl:apply-templates select="ps:Notes"/>
				</td></tr>
		</table>
	</xsl:template>
	<xsl:template match="ps:GraphPadPrismFile">
		<HTML>
			<BODY>
				<xsl:variable name="Chars" select="'ABCDEFGHIJKLMNOPQRSTUVWXYZ'"/>
				<font color="#999999">
					<p align="center">This file can be opened by <a href="http://www.graphpad.com">GraphPad</a> Prism (version 
	<xsl:value-of select="@PrismXMLVersion"/> or later). </p></font><hr/>
         This file contains <xsl:value-of select="count(ps:Table|ps:HugeTable)"/> data tables and 
	<xsl:value-of select="count(ps:Info)+count(ps:Table|ps:HugeTable/ps:Info)"/> info tables:

	<dir>
					<xsl:for-each select="ps:Info">
						<li>
							<a>
								<xsl:attribute name="href">#<xsl:value-of select="@ID"/></xsl:attribute>
								<xsl:apply-templates select="ps:Title"/>
							</a>
						</li>
					</xsl:for-each>
					<xsl:for-each select="ps:Table|ps:HugeTable">
						<li>
							<a>
								<xsl:attribute name="href">#<xsl:value-of select="@ID"/></xsl:attribute>
								<xsl:apply-templates select="ps:Title"/>
							</a>
							<dir>
								<xsl:for-each select="ps:Info">
									<li>
										<a>
											<xsl:attribute name="href">#<xsl:value-of select="@ID"/></xsl:attribute>
											<xsl:apply-templates select="ps:Title"/>
										</a>
									</li>
								</xsl:for-each>
							</dir>
						</li>
					</xsl:for-each>
				</dir>
				<hr/>
				<xsl:apply-templates select="ps:Info"/>
				<br/>
				<hr/>
				<br/>
				<xsl:for-each select="ps:Table|ps:HugeTable">
					<xsl:apply-templates select="ps:Title"/>
					<a><xsl:attribute name="name"><xsl:value-of select="@ID"/></xsl:attribute></a>
					<xsl:variable name="width" select="100 div count (*/ps:Subcolumn)"/>
					<xsl:variable name="xFormat" select="./@XFormat"/>
					<xsl:variable name="yFormat" select="./@YFormat"/>
					<xsl:variable name="nRepl" select="./@replicates"/>
					<xsl:variable name="isXSubcol" select="boolean($xFormat='error' or count(ps:XColumn/ps:Subcolumn/ps:Title)&gt;0)"/>
					<xsl:variable name="isYSubcol" select="boolean(($yFormat='replicates'and ./@Replicates&gt;1) or 
						 ($yFormat!='text'and $yFormat!='replicates') or 
						count(ps:YColumn/ps:Subcolumn/ps:Title)&gt;0)"/>
					<TABLE BORDER="1" CELLSPACING="0">
						<TR>
							<xsl:for-each select="ps:RowTitlesColumn">
								<TD align="center">
									<xsl:attribute name="rowspan">
										<xsl:if test="$isXSubcol or $isYSubcol">2</xsl:if>
									</xsl:attribute><BR/>
								</TD>
							</xsl:for-each>
							<xsl:for-each select="ps:XColumn">
								<TD align="center">
									<xsl:attribute name="rowspan">
										<xsl:if test="$isYSubcol and not($isXSubcol)">2</xsl:if>
									</xsl:attribute>
									<xsl:attribute name="colspan"><xsl:value-of select="./@Subcolumns"/></xsl:attribute>
					 
					<xsl:apply-templates select="ps:Title"/>
									<xsl:if test="count(ps:Title)=0 or ps:Title=''">X-Title</xsl:if>				
					 
				</TD>
							</xsl:for-each>
							<xsl:for-each select="ps:YColumn">
								<xsl:variable name="DefColName2" select="(position()-1) mod 26"/>
								<xsl:variable name="DefColName1" select="(position()-1-$DefColName2) div 26"/>
								<TD align="center">
									<xsl:attribute name="colspan"><xsl:value-of select="./@Subcolumns"/></xsl:attribute>
									<xsl:attribute name="rowspan">
										<xsl:if test="$isXSubcol and not($isYSubcol)">2</xsl:if>
									</xsl:attribute>
					 
					<xsl:apply-templates select="ps:Title"/>
									<xsl:if test="count(ps:Title)=0 or ps:Title=''">
										<xsl:value-of select="'Data Set-'"/>
										<xsl:if test="$DefColName1 &gt; 0">
											<xsl:value-of select="substring($Chars,$DefColName1,1)"/>
										</xsl:if>
										<xsl:value-of select="substring($Chars,$DefColName2+1,1)"/>
									</xsl:if>
					 				
	   			</TD>
							</xsl:for-each>
						</TR>
						<xsl:if test="$isXSubcol or $isYSubcol">
							<TR>
								<xsl:if test="$isXSubcol">
									<xsl:for-each select="ps:XColumn">
										<xsl:for-each select="ps:Subcolumn">
											<TD align="center"> 
					 
					<xsl:apply-templates select="ps:Title"/>
												<xsl:if test="count(ps:Title)=0 or ps:Title=''">
													<xsl:choose>
														<xsl:when test="position()=1"><B>X</B></xsl:when>
														<xsl:when test="position()=2"><B>Err.Bar</B></xsl:when>
													</xsl:choose>
												</xsl:if>				
					 
				</TD>
										</xsl:for-each>
									</xsl:for-each>
								</xsl:if>
								<xsl:if test="$isYSubcol">
									<xsl:for-each select="ps:YColumn">
										<xsl:variable name="DefColName2" select="(position()-1) mod 26"/>
										<xsl:variable name="DefColName1" select="(position()-1-$DefColName2) div 26"/>
										<xsl:for-each select="ps:Subcolumn">
											<TD align="center">
					 
					<xsl:apply-templates select="ps:Title"/>
												<xsl:if test="count(ps:Title)=0 or ps:Title=''">
													<xsl:if test="$yFormat='replicates' or $yFormat='text'">
														<B>
															<xsl:if test="$DefColName1 &gt; 0">
																<xsl:value-of select="substring($Chars,$DefColName1,1)"/>
															</xsl:if>
															<xsl:value-of select="substring($Chars,$DefColName2+1,1)"/>:Y<xsl:value-of select="position()"/>
														</B>
													</xsl:if>
													<xsl:if test="$yFormat!='replicates' and $yFormat!='text'">
														<xsl:if test="not($yFormat='replicates' or $yFormat='text')">
															<xsl:if test="position()=1"><B>Mean</B></xsl:if>
															<xsl:if test="position()!=1">
																<xsl:choose>
																	<xsl:when test="$yFormat='SD'">
																		<B>SD</B>
																	</xsl:when>
																	<xsl:when test="$yFormat='SE'">
																		<B>SEM</B>
																	</xsl:when>
																	<xsl:when test="$yFormat='CV'">
																		<B>%CV</B>
																	</xsl:when>
																	<xsl:when test="$yFormat='SDN'">
																		<xsl:if test="position()=2"><B>SD</B></xsl:if>
																		<xsl:if test="position()=3"><B>N</B></xsl:if>
																	</xsl:when>
																	<xsl:when test="$yFormat='SEN'">
																		<xsl:if test="position()=2"><B>SEM</B></xsl:if>
																		<xsl:if test="position()=3"><B>N</B></xsl:if>
																	</xsl:when>
																	<xsl:when test="$yFormat='CVN'">
																		<xsl:if test="position()=2"><B>%CV</B></xsl:if>
																		<xsl:if test="position()=3"><B>N</B></xsl:if>
																	</xsl:when>
																	<xsl:when test="$yFormat='low-high'">
																		<xsl:if test="position()=2"><B>+Error</B></xsl:if>
																		<xsl:if test="position()=3"><B>-Error</B></xsl:if>
																	</xsl:when>
																	<xsl:when test="$yFormat='upper-lower-limits'">
																		<xsl:if test="position()=2"><B>UpperLimit</B></xsl:if>
																		<xsl:if test="position()=3"><B>LowerLimit</B></xsl:if>
																	</xsl:when>
																</xsl:choose>
															</xsl:if>
														</xsl:if>
													</xsl:if>
												</xsl:if>
					 				
	   			</TD>
										</xsl:for-each>
									</xsl:for-each>
								</xsl:if>
							</TR>
						</xsl:if>
						<TR>
							<xsl:for-each select="ps:RowTitlesColumn/ps:Subcolumn">
								<td valign="top" nowrap="1">
									<xsl:attribute name="width"><xsl:value-of select="$width"/>%</xsl:attribute>
									<xsl:apply-templates select="ps:d"/>
									<xsl:if test="count(ps:d)=0"><br/></xsl:if>
								</td>
							</xsl:for-each>
							<xsl:for-each select="ps:XColumn/ps:Subcolumn">
								<td valign="top" nowrap="1">
									<xsl:attribute name="width"><xsl:value-of select="$width"/>%</xsl:attribute>
									<xsl:apply-templates select="ps:d"/>
									<xsl:if test="count(ps:d)=0"><br/></xsl:if>
								</td>
							</xsl:for-each>
							<xsl:for-each select="ps:YColumn/ps:Subcolumn">
								<td valign="top" nowrap="1">
									<xsl:attribute name="width"><xsl:value-of select="$width"/>%</xsl:attribute>
									<xsl:apply-templates select="ps:d"/>
									<xsl:if test="count(ps:d)=0"><br/></xsl:if>
								</td>
							</xsl:for-each>
						</TR>
					</TABLE>
					<br/>
					<xsl:apply-templates select="ps:Info"/>
					<br/>
					<hr/>
					<br/>
				</xsl:for-each>
			</BODY>
		</HTML>
	</xsl:template>
	<!--<xsl:template match="ps:d">
	<xsl:choose>
		<xsl:when test="@Excluded and string-length(text())" >
		    <font color="#0000ee">
	      		<xsl:apply-templates select="node()"/>*		
		    </font>
		</xsl:when>
	    <xsl:otherwise>
			<xsl:apply-templates select="node()"/>
		</xsl:otherwise>
	</xsl:choose>
	<xsl:if test="position()!=last()"><br/></xsl:if>
</xsl:template>-->
	<xsl:template match="ps:d">
		<xsl:choose>
			<xsl:when test="@Excluded and string-length(text())">
				<xsl:choose>
					<xsl:when test="../../../@EVFormat='AsteriskAfterNumber'">
						<font color="#0000ee">
							<xsl:apply-templates select="node()"/>*
						</font>
					</xsl:when>
					<xsl:when test="../../../@EVFormat='Blank'">
					</xsl:when>
					<xsl:otherwise>
						<xsl:apply-templates select="node()"/>
					</xsl:otherwise>
				</xsl:choose>
			</xsl:when>
			<xsl:otherwise>
				<xsl:apply-templates select="node()"/>
			</xsl:otherwise>
		</xsl:choose>
		<xsl:if test="position()!=last()"><br/></xsl:if>
	</xsl:template>
	<xsl:template match="ps:Title">
		<b><xsl:apply-templates select="node()"/></b>
	</xsl:template>
	<xsl:template match="node()">
		<xsl:copy>
			<xsl:apply-templates select="node()"/>
		</xsl:copy>
	</xsl:template>
	<xsl:template match="ps:Font">
		<font>
			<xsl:if test="@Size">
				<xsl:attribute name="STYLE">font-size:<xsl:value-of select="@Size"/>pt</xsl:attribute>
			</xsl:if>
			<xsl:copy-of select="@*"/>
			<xsl:apply-templates select="node()"/>
		</font>
	</xsl:template>
	<xsl:template match="/">
		<HTML>
			<BODY>
				<xsl:apply-templates select="//ps:GraphPadPrismFile"/>
			</BODY>
		</HTML>
	</xsl:template>
</xsl:stylesheet>
