<?xml version="1.0" encoding="UTF-8"?>
<?xml-stylesheet type="text/xsl" href="#"?>
<xsl:stylesheet xmlns:xsl="http://www.w3.org/1999/XSL/Transform" xmlns:dt="urn:schemas-microsoft-com:datatypes" xmlns:ps="http://graphpad.com/prism/Prism.htm" version="1.0">
	<!--
	XML style sheet template for formatting data and info tables from GraphPad Prism 6.0.
	Copyright 1992-2012 GraphPad Software, Inc.
-->
	<xsl:output method="html" version="4.0" omit-xml-declaration="yes"/>
	<GraphPadPrismFile xmlns="http://graphpad.com/prism/Prism.htm" PrismXMLVersion="5.00">
<Created>
<OriginalVersion CreatedByProgram="GraphPad Prism" CreatedByVersion="7.0.0.1" DateTime="2013-10-02T12:27:49+02:00"/>
<MostRecentVersion CreatedByProgram="GraphPad Prism" CreatedByVersion="7.0.0.1" DateTime="2013-10-02T17:10:48+02:00"/>
</Created>
<DefGraphButton ButtonID="101"/>
<InfoSequence>
</InfoSequence>
<TableSequence Selected="1">

<Ref ID="Table0" Selected="1"/>
</TableSequence>
<Table ID="Table0" XFormat="numbers" YFormat="replicates" Replicates="1" TableType="XY" EVFormat="AsteriskAfterNumber">
<Title>Michaelis-Menten</Title>
<FloatingNote ID="Sticky0" Color="Yellow" Left="503" Top="295" Width="534" Height="279">
<WebLink Flags="0" ToolTip="@help:reg_competitive_inhibition" URL="@help:reg_competitive_inhibition">
Step by step instructions for fitting competitive enzyme inhibition
</WebLink>

<B><Font Size="11" Face="Arial">
How the data are arranged
</Font></B>
<Font Size="11" Face="Arial">
<BR/>The X values are substrate concentrations. Each Y column shows the enzyme activity in the presence of a different concentration of inhibitor, shown in the column title.  
</Font>
<B><Font Size="11" Face="Verdana">
<BR/><BR/>The goal
</Font></B>
<Font Size="11" Face="Verdana">
<BR/>To determine the affinity (Ki) of the inhibitor for the active enzyme site.
</Font>
<B><Font Size="11" Face="Arial">
<BR/><BR/>How to fit
</Font></B>
<Font Size="11" Face="Arial">
<BR/>1. Click Analyze, and choose nonlinear regression.
</Font>
<Font Size="11" Face="Arial">
<BR/>2. Open the Enzyme Kinetics panel of equations. 
</Font>
<Font Size="11" Face="Arial">
<BR/>3. Choose 
</Font>
<I><Font Size="11" Face="Arial">
Competitive enzyme kinetics
</Font></I>
<Font Size="11" Face="Arial">
.
</Font>
</FloatingNote>

<FloatingNote ID="Sticky1" Color="Blue" Left="503" Top="153" Width="443" Height="139">
<WebLink Flags="0" ToolTip="@help:reg_how_global_nonlinear_regressio" URL="@help:reg_how_global_nonlinear_regressio">
Learn about global nonlinear regression
</WebLink>

<B><Font Size="11" Face="Verdana">
Global nonlinear regression
</Font></B>
<Font Size="11" Face="Verdana">
<BR/>This example demonstrates the usefulness of  global nonlinear regression. The parameters of interest cannot be determined by fitting any data set alone, but can be determined by globally fitting all data sets at once.
</Font>
</FloatingNote>

<XColumn Width="90" Decimals="0" Subcolumns="1">
<Title>[Substrate] nM</Title>
<Subcolumn>
<d>1</d>
<d>2</d>
<d>4</d>
<d>8</d>
<d>16</d>
<d>32</d>
<d>64</d>
<d>128</d>
</Subcolumn>
</XColumn>
<YColumn Width="81" Decimals="0" Subcolumns="1">
<Title>0</Title>
<Subcolumn>
<d>185</d>
<d>227</d>
<d>327</d>
<d>555</d>
<d>614</d>
<d>757</d>
<d>877</d>
<d>897</d>
</Subcolumn>
</YColumn>
<YColumn Width="81" Decimals="0" Subcolumns="1">
<Title>5 <Font Face="Symbol">m</Font>M</Title>
<Subcolumn>
<d>78</d>
<d>67</d>
<d>117</d>
<d>282</d>
<d>545</d>
<d>680</d>
<d>783</d>
<d>872</d>
</Subcolumn>
</YColumn>
<YColumn Width="81" Decimals="0" Subcolumns="1">
<Title>15 <Font Face="Symbol">m</Font>M</Title>
<Subcolumn>
<d>15</d>
<d>48</d>
<d>155</d>
<d>180</d>
<d>300</d>
<d>404</d>
<d>624</d>
<d>830</d>
</Subcolumn>
</YColumn>
<YColumn Width="81" Decimals="0" Subcolumns="1">
<Title>50 <Font Face="Symbol">m</Font>M</Title>
<Subcolumn>
<d>5</d>
<d>63</d>
<d>21</d>
<d>72</d>
<d>121</d>
<d>346</d>
<d>445</d>
<d>530</d>
</Subcolumn>
</YColumn>
</Table>
</GraphPadPrismFile>
	<xsl:template match="ps:Info">
		<a><xsl:attribute name="name"><xsl:value-of select="@ID"/></xsl:attribute></a>
		<table border="0">
			<tr><td><xsl:apply-templates select="ps:Title"/> </td><td width="20"></td><td><b>Notes</b></td></tr>
			<tr><td valign="top">
					<table BORDER="1" CELLSPACING="0">
						<tr><th>Constant</th><th>Name</th></tr>
						<xsl:for-each select="ps:Constant">
							<tr>
								<td><xsl:apply-templates select="ps:Name"/> </td>
								<td><xsl:apply-templates select="ps:Value"/> </td>
							</tr>
						</xsl:for-each>
					</table>
				</td>
				<td width="20">
				</td>
				<td valign="top">
					<xsl:apply-templates select="ps:Notes"/>
				</td></tr>
		</table>
	</xsl:template>
	<xsl:template match="ps:GraphPadPrismFile">
		<HTML>
			<BODY>
				<xsl:variable name="Chars" select="'ABCDEFGHIJKLMNOPQRSTUVWXYZ'"/>
				<font color="#999999">
					<p align="center">This file can be opened by <a href="http://www.graphpad.com">GraphPad</a> Prism (version 
	<xsl:value-of select="@PrismXMLVersion"/> or later). </p></font><hr/>
         This file contains <xsl:value-of select="count(ps:Table|ps:HugeTable)"/> data tables and 
	<xsl:value-of select="count(ps:Info)+count(ps:Table|ps:HugeTable/ps:Info)"/> info tables:

	<dir>
					<xsl:for-each select="ps:Info">
						<li>
							<a>
								<xsl:attribute name="href">#<xsl:value-of select="@ID"/></xsl:attribute>
								<xsl:apply-templates select="ps:Title"/>
							</a>
						</li>
					</xsl:for-each>
					<xsl:for-each select="ps:Table|ps:HugeTable">
						<li>
							<a>
								<xsl:attribute name="href">#<xsl:value-of select="@ID"/></xsl:attribute>
								<xsl:apply-templates select="ps:Title"/>
							</a>
							<dir>
								<xsl:for-each select="ps:Info">
									<li>
										<a>
											<xsl:attribute name="href">#<xsl:value-of select="@ID"/></xsl:attribute>
											<xsl:apply-templates select="ps:Title"/>
										</a>
									</li>
								</xsl:for-each>
							</dir>
						</li>
					</xsl:for-each>
				</dir>
				<hr/>
				<xsl:apply-templates select="ps:Info"/>
				<br/>
				<hr/>
				<br/>
				<xsl:for-each select="ps:Table|ps:HugeTable">
					<xsl:apply-templates select="ps:Title"/>
					<a><xsl:attribute name="name"><xsl:value-of select="@ID"/></xsl:attribute></a>
					<xsl:variable name="width" select="100 div count (*/ps:Subcolumn)"/>
					<xsl:variable name="xFormat" select="./@XFormat"/>
					<xsl:variable name="yFormat" select="./@YFormat"/>
					<xsl:variable name="nRepl" select="./@replicates"/>
					<xsl:variable name="isXSubcol" select="boolean($xFormat='error' or count(ps:XColumn/ps:Subcolumn/ps:Title)&gt;0)"/>
					<xsl:variable name="isYSubcol" select="boolean(($yFormat='replicates'and ./@Replicates&gt;1) or 
						 ($yFormat!='text'and $yFormat!='replicates') or 
						count(ps:YColumn/ps:Subcolumn/ps:Title)&gt;0)"/>
					<TABLE BORDER="1" CELLSPACING="0">
						<TR>
							<xsl:for-each select="ps:RowTitlesColumn">
								<TD align="center">
									<xsl:attribute name="rowspan">
										<xsl:if test="$isXSubcol or $isYSubcol">2</xsl:if>
									</xsl:attribute><BR/>
								</TD>
							</xsl:for-each>
							<xsl:for-each select="ps:XColumn">
								<TD align="center">
									<xsl:attribute name="rowspan">
										<xsl:if test="$isYSubcol and not($isXSubcol)">2</xsl:if>
									</xsl:attribute>
									<xsl:attribute name="colspan"><xsl:value-of select="./@Subcolumns"/></xsl:attribute>
					 
					<xsl:apply-templates select="ps:Title"/>
									<xsl:if test="count(ps:Title)=0 or ps:Title=''">X-Title</xsl:if>				
					 
				</TD>
							</xsl:for-each>
							<xsl:for-each select="ps:YColumn">
								<xsl:variable name="DefColName2" select="(position()-1) mod 26"/>
								<xsl:variable name="DefColName1" select="(position()-1-$DefColName2) div 26"/>
								<TD align="center">
									<xsl:attribute name="colspan"><xsl:value-of select="./@Subcolumns"/></xsl:attribute>
									<xsl:attribute name="rowspan">
										<xsl:if test="$isXSubcol and not($isYSubcol)">2</xsl:if>
									</xsl:attribute>
					 
					<xsl:apply-templates select="ps:Title"/>
									<xsl:if test="count(ps:Title)=0 or ps:Title=''">
										<xsl:value-of select="'Data Set-'"/>
										<xsl:if test="$DefColName1 &gt; 0">
											<xsl:value-of select="substring($Chars,$DefColName1,1)"/>
										</xsl:if>
										<xsl:value-of select="substring($Chars,$DefColName2+1,1)"/>
									</xsl:if>
					 				
	   			</TD>
							</xsl:for-each>
						</TR>
						<xsl:if test="$isXSubcol or $isYSubcol">
							<TR>
								<xsl:if test="$isXSubcol">
									<xsl:for-each select="ps:XColumn">
										<xsl:for-each select="ps:Subcolumn">
											<TD align="center"> 
					 
					<xsl:apply-templates select="ps:Title"/>
												<xsl:if test="count(ps:Title)=0 or ps:Title=''">
													<xsl:choose>
														<xsl:when test="position()=1"><B>X</B></xsl:when>
														<xsl:when test="position()=2"><B>Err.Bar</B></xsl:when>
													</xsl:choose>
												</xsl:if>				
					 
				</TD>
										</xsl:for-each>
									</xsl:for-each>
								</xsl:if>
								<xsl:if test="$isYSubcol">
									<xsl:for-each select="ps:YColumn">
										<xsl:variable name="DefColName2" select="(position()-1) mod 26"/>
										<xsl:variable name="DefColName1" select="(position()-1-$DefColName2) div 26"/>
										<xsl:for-each select="ps:Subcolumn">
											<TD align="center">
					 
					<xsl:apply-templates select="ps:Title"/>
												<xsl:if test="count(ps:Title)=0 or ps:Title=''">
													<xsl:if test="$yFormat='replicates' or $yFormat='text'">
														<B>
															<xsl:if test="$DefColName1 &gt; 0">
																<xsl:value-of select="substring($Chars,$DefColName1,1)"/>
															</xsl:if>
															<xsl:value-of select="substring($Chars,$DefColName2+1,1)"/>:Y<xsl:value-of select="position()"/>
														</B>
													</xsl:if>
													<xsl:if test="$yFormat!='replicates' and $yFormat!='text'">
														<xsl:if test="not($yFormat='replicates' or $yFormat='text')">
															<xsl:if test="position()=1"><B>Mean</B></xsl:if>
															<xsl:if test="position()!=1">
																<xsl:choose>
																	<xsl:when test="$yFormat='SD'">
																		<B>SD</B>
																	</xsl:when>
																	<xsl:when test="$yFormat='SE'">
																		<B>SEM</B>
																	</xsl:when>
																	<xsl:when test="$yFormat='CV'">
																		<B>%CV</B>
																	</xsl:when>
																	<xsl:when test="$yFormat='SDN'">
																		<xsl:if test="position()=2"><B>SD</B></xsl:if>
																		<xsl:if test="position()=3"><B>N</B></xsl:if>
																	</xsl:when>
																	<xsl:when test="$yFormat='SEN'">
																		<xsl:if test="position()=2"><B>SEM</B></xsl:if>
																		<xsl:if test="position()=3"><B>N</B></xsl:if>
																	</xsl:when>
																	<xsl:when test="$yFormat='CVN'">
																		<xsl:if test="position()=2"><B>%CV</B></xsl:if>
																		<xsl:if test="position()=3"><B>N</B></xsl:if>
																	</xsl:when>
																	<xsl:when test="$yFormat='low-high'">
																		<xsl:if test="position()=2"><B>+Error</B></xsl:if>
																		<xsl:if test="position()=3"><B>-Error</B></xsl:if>
																	</xsl:when>
																	<xsl:when test="$yFormat='upper-lower-limits'">
																		<xsl:if test="position()=2"><B>UpperLimit</B></xsl:if>
																		<xsl:if test="position()=3"><B>LowerLimit</B></xsl:if>
																	</xsl:when>
																</xsl:choose>
															</xsl:if>
														</xsl:if>
													</xsl:if>
												</xsl:if>
					 				
	   			</TD>
										</xsl:for-each>
									</xsl:for-each>
								</xsl:if>
							</TR>
						</xsl:if>
						<TR>
							<xsl:for-each select="ps:RowTitlesColumn/ps:Subcolumn">
								<td valign="top" nowrap="1">
									<xsl:attribute name="width"><xsl:value-of select="$width"/>%</xsl:attribute>
									<xsl:apply-templates select="ps:d"/>
									<xsl:if test="count(ps:d)=0"><br/></xsl:if>
								</td>
							</xsl:for-each>
							<xsl:for-each select="ps:XColumn/ps:Subcolumn">
								<td valign="top" nowrap="1">
									<xsl:attribute name="width"><xsl:value-of select="$width"/>%</xsl:attribute>
									<xsl:apply-templates select="ps:d"/>
									<xsl:if test="count(ps:d)=0"><br/></xsl:if>
								</td>
							</xsl:for-each>
							<xsl:for-each select="ps:YColumn/ps:Subcolumn">
								<td valign="top" nowrap="1">
									<xsl:attribute name="width"><xsl:value-of select="$width"/>%</xsl:attribute>
									<xsl:apply-templates select="ps:d"/>
									<xsl:if test="count(ps:d)=0"><br/></xsl:if>
								</td>
							</xsl:for-each>
						</TR>
					</TABLE>
					<br/>
					<xsl:apply-templates select="ps:Info"/>
					<br/>
					<hr/>
					<br/>
				</xsl:for-each>
			</BODY>
		</HTML>
	</xsl:template>
	<!--<xsl:template match="ps:d">
	<xsl:choose>
		<xsl:when test="@Excluded and string-length(text())" >
		    <font color="#0000ee">
	      		<xsl:apply-templates select="node()"/>*		
		    </font>
		</xsl:when>
	    <xsl:otherwise>
			<xsl:apply-templates select="node()"/>
		</xsl:otherwise>
	</xsl:choose>
	<xsl:if test="position()!=last()"><br/></xsl:if>
</xsl:template>-->
	<xsl:template match="ps:d">
		<xsl:choose>
			<xsl:when test="@Excluded and string-length(text())">
				<xsl:choose>
					<xsl:when test="../../../@EVFormat='AsteriskAfterNumber'">
						<font color="#0000ee">
							<xsl:apply-templates select="node()"/>*
						</font>
					</xsl:when>
					<xsl:when test="../../../@EVFormat='Blank'">
					</xsl:when>
					<xsl:otherwise>
						<xsl:apply-templates select="node()"/>
					</xsl:otherwise>
				</xsl:choose>
			</xsl:when>
			<xsl:otherwise>
				<xsl:apply-templates select="node()"/>
			</xsl:otherwise>
		</xsl:choose>
		<xsl:if test="position()!=last()"><br/></xsl:if>
	</xsl:template>
	<xsl:template match="ps:Title">
		<b><xsl:apply-templates select="node()"/></b>
	</xsl:template>
	<xsl:template match="node()">
		<xsl:copy>
			<xsl:apply-templates select="node()"/>
		</xsl:copy>
	</xsl:template>
	<xsl:template match="ps:Font">
		<font>
			<xsl:if test="@Size">
				<xsl:attribute name="STYLE">font-size:<xsl:value-of select="@Size"/>pt</xsl:attribute>
			</xsl:if>
			<xsl:copy-of select="@*"/>
			<xsl:apply-templates select="node()"/>
		</font>
	</xsl:template>
	<xsl:template match="/">
		<HTML>
			<BODY>
				<xsl:apply-templates select="//ps:GraphPadPrismFile"/>
			</BODY>
		</HTML>
	</xsl:template>
</xsl:stylesheet>
